Group,Treatment,quad,year,predicted_clim,predicted_no_intxn,predicted_null,QuadName,Grazing,paddock,PrecipGroup
E1,Control,Q1,1934,0.16075370939437897,0.17742294763846436,0.18823234454621507,E1 Q1,UG,NA,NA
E1,Control,Q1,1935,0.0768831120934115,0.06918157783079808,0.09824721966027257,E1 Q1,UG,NA,NA
E1,Control,Q1,1936,0.08667986765930832,0.08128152449085607,0.12200093459790466,E1 Q1,UG,NA,NA
E1,Control,Q1,1937,0.24464431307573203,0.22628804285042933,0.20495015576823084,E1 Q1,UG,NA,NA
E1,Control,Q1,1938,0.18597689752021987,0.21005920867091,0.21075803869271462,E1 Q1,UG,NA,NA
E1,Control,Q1,1939,0.21509828453029414,0.21372849752786588,0.2403424983295386,E1 Q1,UG,NA,NA
E1,Control,Q1,1940,0.2801457651013664,0.28413772234506063,0.3263593691158607,E1 Q1,UG,NA,NA
E1,Control,Q1,1941,0.2686225690556489,0.2590114351378749,0.30452464236612264,E1 Q1,UG,NA,NA
E1,Control,Q1,1942,0.32656820611486964,0.26494268486856437,0.27061065459412714,E1 Q1,UG,NA,NA
E1,Control,Q1,1946,1.8083314542254891,1.9895761542542456,0.9612492352923991,E1 Q1,UG,NA,NA
E1,Control,Q1,1947,1.530214388673805,1.7180075058756288,1.5234019860992563,E1 Q1,UG,NA,NA
E1,Control,Q1,1950,1.9643771782010604,2.317239227072271,1.966963641627707,E1 Q1,UG,NA,NA
E1,Control,Q1,1951,2.412412753655008,2.53087175714405,2.3163413154612753,E1 Q1,UG,NA,NA
E1,Control,Q1,1952,2.35038479367958,2.39634913575444,2.3971700706623205,E1 Q1,UG,NA,NA
E1,Control,Q1,1955,2.2657962362624775,2.0798430463401227,2.4763180129134654,E1 Q1,UG,NA,NA
E1,Control,Q1,1956,2.1178194483562547,2.272365252422088,2.185423415601773,E1 Q1,UG,NA,NA
E1,Control,Q1,2008,2.976051645261274,2.8419783165194614,3.393747366848191,E1 Q1,UG,NA,NA
E1,Control,Q1,2009,2.606892759406432,2.451145321965341,2.8463452301251273,E1 Q1,UG,NA,NA
E1,Control,Q1,2010,2.915452305080949,3.088002777229078,2.459584642665588,E1 Q1,UG,NA,NA
E1,Control,Q1,2011,3.174063956525069,3.3131450020458715,3.2065625905469592,E1 Q1,UG,NA,NA
E1,Control,Q1,2012,2.814972398339474,2.5705446946366486,2.152449384937007,E1 Q1,UG,NA,NA
E1,Control,Q1,2013,1.5511879726767297,1.352975522065844,1.8172508478998126,E1 Q1,UG,NA,NA
E1,Control,Q1,2014,2.9274528306324425,2.2113345481724425,3.2687915897937354,E1 Q1,UG,NA,NA
E1,Control,Q1,2015,2.6254859743865864,2.3076111323651927,2.4417851106754536,E1 Q1,UG,NA,NA
E1,Control,Q1,2016,1.9602678650924892,1.7029516092769026,1.784626994000236,E1 Q1,UG,NA,NA
E1,Control,Q2,1933,0.06523277653072951,0.05800626215806191,0.043725742466056365,E1 Q2,UG,NA,NA
E1,Control,Q2,1934,0.04252669631942289,0.047973763388030465,0.050764837252311394,E1 Q2,UG,NA,NA
E1,Control,Q2,1935,0.0030010916015754774,0.00355352518225997,0.004968952235345597,E1 Q2,UG,NA,NA
E1,Control,Q2,1937,0.12500676081379397,0.12299764820630969,0.17892511091582203,E1 Q2,UG,NA,NA
E1,Control,Q2,1938,0.0018664322932211658,0.002283930817609402,0.0024844761176728465,E1 Q2,UG,NA,NA
E1,Control,Q2,1939,0.005755482193025308,0.005951305051229501,0.007308434843499498,E1 Q2,UG,NA,NA
E1,Control,Q3,1938,0.0018664322932211246,0.0022839308176093587,0.002484476117672788,E1 Q3,UG,NA,NA
E1,Control,Q3,2011,0.0032660746101052076,0.003581987684490075,0.00453262255024756,E1 Q3,UG,NA,NA
E1,Control,Q3,2015,0.09673208642485084,0.08419123843868725,0.09159703529139146,E1 Q3,UG,NA,NA
E1,Control,Q4,1955,0.0040868537627163255,0.0037614503770874606,0.004968952235345645,E1 Q4,UG,NA,NA
E1,Control,Q4,1956,0.012144449502317446,0.01556399057954345,0.014702838124851868,E1 Q4,UG,NA,NA
E1,Control,Q4,2008,0.4217767755557296,0.40129780994260705,0.4810605052612087,E1 Q4,UG,NA,NA
E1,Control,Q4,2009,0.27090260531875504,0.2561236345919501,0.29616032536773534,E1 Q4,UG,NA,NA
E1,Control,Q4,2010,0.15785413959830524,0.16334754737098553,0.13018792578440966,E1 Q4,UG,NA,NA
E1,Control,Q4,2011,0.20121663332495043,0.21718182167480882,0.21007214070814378,E1 Q4,UG,NA,NA
E1,Control,Q4,2012,0.2232716079084017,0.20872162964997773,0.17740105695635577,E1 Q4,UG,NA,NA
E1,Control,Q4,2013,0.17357990262463616,0.16660203197714374,0.22502977264782886,E1 Q4,UG,NA,NA
E1,Control,Q4,2014,0.1878333190243417,0.16736981293474115,0.24933165966442053,E1 Q4,UG,NA,NA
E1,Control,Q4,2015,0.35244893433914576,0.30842944597997296,0.33236796027167737,E1 Q4,UG,NA,NA
E1,Control,Q4,2016,0.25516067279781435,0.22526293456549037,0.23621261499443663,E1 Q4,UG,NA,NA
E1,Control,Q5,2008,0.13289787899914535,0.12631680914938748,0.15136053458771087,E1 Q5,UG,NA,NA
E1,Control,Q6,2010,0.0031697533313432384,0.003280647151988586,0.0024844761176728465,E1 Q6,UG,NA,NA
E1,Drought,Q28,2015,1.1881700042872362e-4,9.20973089640452e-5,0.03448639585719831,X2,UG,NA,1
E1,Drought,Q28,2016,0,0,0.012251132217088864,X2,UG,NA,1
E1,Drought,Q39,2012,0.0016794437077064601,0.002515249579378519,0.006526609702360221,X13,UG,NA,5
E1,Drought,Q39,2013,8.683841078190301e-4,8.775046450467641e-4,0.004537711515786548,X13,UG,NA,5
E1,Drought,Q41,2012,0.31756880837821916,0.2311513289241208,0.4948398064146797,X15,UG,NA,6
E1,Drought,Q41,2013,9.696392820793728e-4,9.7827772699123e-4,0.34137501302568746,X15,UG,NA,6
E1,Drought,Q41,2015,3.802160284836473e-4,3.071224064796487e-4,0.12515714115538254,X15,UG,NA,6
E1,Drought,Q41,2016,0,0,0.006388713681064614,X15,UG,NA,6
E1,Drought,Q46,2013,9.70402639224526e-4,9.790369309477292e-4,0.004968952235345693,X20,UG,NA,8
E1,Drought,Q46,2014,0,0,0.0024844761176728465,X20,UG,NA,8
E1,Drought,Q46,2016,0,0,0.03093028506584052,X20,UG,NA,8
E1,Irrigation,Q32,2012,3.252519374295292,3.5530220190587958,0.8606058540217869,X6,UG,NA,2
E1,Irrigation,Q32,2013,1.8198801153775475,1.919017189075667,0.9241550407652152,X6,UG,NA,2
E1,Irrigation,Q32,2014,2.317674344612514,2.360577240901269,1.2780898719209413,X6,UG,NA,2
E1,Irrigation,Q32,2015,4.317696441818067,5.804471381511424,2.007083826694398,X6,UG,NA,2
E1,Irrigation,Q32,2016,3.7425073816460217,3.850474835935457,1.3168113607385212,X6,UG,NA,2
E1,Irrigation,Q38,2012,1.6603090390094188,1.9348216253573054,0.46575091564730864,X12,UG,NA,4
E1,Irrigation,Q38,2013,0.8579464677662664,0.9144938552617805,0.44220093255370874,X12,UG,NA,4
E1,Irrigation,Q38,2014,0.9279189383321768,0.9379519968263889,0.5103178858782298,X12,UG,NA,4
E1,Irrigation,Q38,2015,2.002545281477836,2.5363173728220203,0.8780073950386584,X12,UG,NA,4
E1,Irrigation,Q38,2016,2.8521478880702844,3.9061634647987216,1.3441101394903043,X12,UG,NA,4
E1,Irrigation,Q42,2012,2.130206079810242,2.5000551740508103,0.6033553599088414,X16,UG,NA,6
E1,Irrigation,Q42,2013,1.3257062710813605,1.4900801513380901,0.7252481775326004,X16,UG,NA,6
E1,Irrigation,Q42,2014,1.2624889394085457,1.2801227202190564,0.6904061410784713,X16,UG,NA,6
E1,Irrigation,Q42,2015,1.893600665826922,2.242491350980971,0.7779239458138315,X16,UG,NA,6
E1,Irrigation,Q42,2016,1.5610921793122357,1.7056463595898688,0.5851509523822193,X16,UG,NA,6
E1,Irrigation,Q45,2012,0.2165140931860742,0.16119572752534178,0.03865013454867056,X19,UG,NA,8
E1,Irrigation,Q45,2013,0.4636528664748138,0.501593822241624,0.2442008115671194,X19,UG,NA,8
E1,Irrigation,Q45,2014,0.20439658565874053,0.1842571864089289,0.09939159118581879,X19,UG,NA,8
E1,Irrigation,Q45,2015,0.14619494630426202,0.09823103492600399,0.034733308540188024,X19,UG,NA,8
P1,Control,Q11,1931,1.2224100831446851,1.2386606772824515,0.9338544767702395,P1 Q1,G,2,NA
P1,Control,Q11,1932,1.282639964783128,1.2628121621939052,1.4154141675336038,P1 Q1,G,2,NA
P1,Control,Q11,1933,1.3403605187176142,1.3350829707603402,1.000153059742344,P1 Q1,G,2,NA
P1,Control,Q11,1934,1.9022960609019053,2.0541450422800644,2.1402024192900173,P1 Q1,G,2,NA
P1,Control,Q11,1935,1.8896631832673845,1.4267020549928504,2.0558707142575274,P1 Q1,G,2,NA
P1,Control,Q11,1936,1.4946562033928905,1.1859423954528743,1.7536960376086317,P1 Q1,G,2,NA
P1,Control,Q11,1937,1.4712294200450382,1.4584096135143774,1.201495906093173,P1 Q1,G,2,NA
P1,Control,Q11,1938,1.603480633649423,1.7092771251711736,1.7322235565536204,P1 Q1,G,2,NA
P1,Control,Q11,1939,1.781207702678163,1.6509435970563346,1.8376118125056546,P1 Q1,G,2,NA
P1,Control,Q11,1940,1.1567310517610334,1.1648481453182584,1.3387006742672165,P1 Q1,G,2,NA
P1,Control,Q11,1941,1.6075467535260977,1.4516521595848593,1.7188806870827211,P1 Q1,G,2,NA
P1,Control,Q11,1942,2.2894477474396733,2.0016930969532853,2.048936650065995,P1 Q1,G,2,NA
P1,Control,Q11,1946,4.718740691705065,5.972022454607503,2.885215158041862,P1 Q1,G,2,NA
P1,Control,Q11,1947,3.8636772372021775,4.497416041244653,3.9891982758735067,P1 Q1,G,2,NA
P1,Control,Q11,1950,3.6239927338511224,4.321916207855123,3.6702678101285247,P1 Q1,G,2,NA
P1,Control,Q11,1957,2.0619450642357755,1.9238518722631852,2.3002474770189143,P1 Q1,G,2,NA
P1,Control,Q12,1950,0.004955866372961942,0.005578993634206321,0.004750159350322994,P1 Q2,G,3,NA
P1,Control,Q13,1932,0.0787560493322,0.0757857281374707,0.08492663413359121,P1 Q3,G,2,NA
P1,Control,Q13,1933,0.089378436729637,0.08231686919317648,0.0617352787646284,P1 Q3,G,2,NA
P1,Control,Q13,1935,0.05581687296363107,0.04913623857168045,0.07041372026954354,P1 Q3,G,2,NA
P1,Control,Q13,1936,0.030181323519191852,0.029996598553656783,0.04711044397295135,P1 Q3,G,2,NA
P1,Control,Q13,1937,0.027997982198768562,0.027518518821337323,0.039180253314772866,P1 Q3,G,2,NA
P1,Control,Q13,1938,0.007974722223602747,0.010039368023881895,0.00992793880402305,P1 Q3,G,2,NA
P1,Control,Q13,1939,0.024104860056086228,0.026526823915949824,0.03029346050018575,P1 Q3,G,2,NA
P1,Control,Q13,1940,0.018524531438507852,0.01988797695113486,0.02234493456913288,P1 Q3,G,2,NA
P1,Control,Q13,1941,0.012030640736199465,0.011685208300283969,0.013675772085765169,P1 Q3,G,2,NA
P1,Control,Q13,1942,0.026925944530284046,0.02230235733447347,0.022766843862598394,P1 Q3,G,2,NA
P1,Control,Q13,1946,0.07837844739278535,0.06564519779523471,0.02923666536468544,P1 Q3,G,2,NA
P1,Control,Q13,1947,0.1297089843294888,0.1394717470266279,0.12350701215191273,P1 Q3,G,2,NA
P1,Control,Q13,1950,0.23874882519084437,0.280301028821473,0.2379278121278778,P1 Q3,G,2,NA
P1,Control,Q13,1957,0.7768654941641406,0.7150933216121411,0.8672160239639306,P1 Q3,G,2,NA
P1,Control,Q14,1938,0.025663227954423978,0.030708644896066336,0.030124981985430736,P1 Q4,G,1,NA
P10E1,Control,Q23,1933,0.46683376407580374,0.43673860822497174,0.32756911587577836,P10 E1 Q1,UG,NA,NA
P10E1,Control,Q23,1934,0.49525987810520766,0.5493879936657455,0.5715319482322909,P10 E1 Q1,UG,NA,NA
P10E1,Control,Q23,1935,0.20192649282283603,0.17898702689209448,0.25582864992104876,P10 E1 Q1,UG,NA,NA
P10E1,Control,Q23,1936,0.3116900788158324,0.2774553589056363,0.41124933994982577,P10 E1 Q1,UG,NA,NA
P10E1,Control,Q23,1937,0.47421485315685374,0.43156727090119984,0.38675835273912246,P10 E1 Q1,UG,NA,NA
P10E1,Control,Q23,1938,0.38258914080955114,0.42867802279215395,0.4326700546790403,P10 E1 Q1,UG,NA,NA
P10E1,Control,Q23,1939,0.4374340292754924,0.43513286164316733,0.49025005658941134,P10 E1 Q1,UG,NA,NA
P10E1,Control,Q23,1940,0.5848893879721373,0.6030109690221911,0.6906427408336343,P10 E1 Q1,UG,NA,NA
P10E1,Control,Q23,1941,0.4587082062809657,0.4478507662382544,0.5257794255737377,P10 E1 Q1,UG,NA,NA
P10E1,Control,Q23,1942,0.785987719445604,0.6495805201684625,0.664375254123237,P10 E1 Q1,UG,NA,NA
P10E1,Control,Q23,1946,1.366872491383755,1.4784336827514457,0.7054787800898698,P10 E1 Q1,UG,NA,NA
P10E1,Control,Q23,1947,2.3159254219250833,2.6166955061457164,2.323428087449545,P10 E1 Q1,UG,NA,NA
P10E1,Control,Q23,1950,2.207615352329742,2.601498456230713,2.2076603231488816,P10 E1 Q1,UG,NA,NA
P10E1,Control,Q23,1951,3.3975294972211705,3.555677361048907,3.2516353322786835,P10 E1 Q1,UG,NA,NA
P10E1,Control,Q23,1952,3.07731677283764,3.144847430137081,3.1568212356738656,P10 E1 Q1,UG,NA,NA
P10E1,Control,Q23,1955,1.9104717055705467,1.8131050345934663,2.1608295873697476,P10 E1 Q1,UG,NA,NA
P10E1,Control,Q23,1956,1.397951558812668,1.549048417461996,1.4885839200625437,P10 E1 Q1,UG,NA,NA
P10E1,Control,Q23,2008,1.0483042042699633,0.9842895466271082,1.1778371356679367,P10 E1 Q1,UG,NA,NA
P10E1,Control,Q23,2009,1.6777822720632791,1.5841090592861964,1.8351084203416492,P10 E1 Q1,UG,NA,NA
P10E1,Control,Q23,2010,1.7028293471221947,1.7908065541901295,1.4257044663506848,P10 E1 Q1,UG,NA,NA
P10E1,Control,Q23,2011,1.5877313927164176,1.688554952002185,1.632340410900596,P10 E1 Q1,UG,NA,NA
P10E1,Control,Q23,2012,2.9105319647364456,2.6605852642020973,2.2307493614473053,P10 E1 Q1,UG,NA,NA
P10E1,Control,Q23,2013,1.6617234828877365,1.4761349167582856,1.9856965560844653,P10 E1 Q1,UG,NA,NA
P10E1,Control,Q23,2014,1.4158904734384608,1.184517216286533,1.7569470540233867,P10 E1 Q1,UG,NA,NA
P10E1,Control,Q23,2015,3.587420964275078,3.1419054302302496,3.330499605490463,P10 E1 Q1,UG,NA,NA
P10E1,Control,Q23,2016,2.4757028574922186,2.149986857662775,2.2540905242253104,P10 E1 Q1,UG,NA,NA
P10E1,Control,Q24,1933,1.2852262137565154,1.2791891524760337,0.9560513885785951,P10 E1 Q2,UG,NA,NA
P10E1,Control,Q24,1934,0.8504135803722218,0.9448154425929309,0.9848809338174865,P10 E1 Q2,UG,NA,NA
P10E1,Control,Q24,1935,0.7879953301201863,0.6412644019761037,0.9231307212290011,P10 E1 Q2,UG,NA,NA
P10E1,Control,Q24,1936,0.6018175612421585,0.5254418912932665,0.7767970989833043,P10 E1 Q2,UG,NA,NA
P10E1,Control,Q24,1937,1.0030123451005775,0.9509171907039232,0.815175818780742,P10 E1 Q2,UG,NA,NA
P10E1,Control,Q24,1938,1.1838683839859798,1.2623157107725047,1.2821114556673985,P10 E1 Q2,UG,NA,NA
P10E1,Control,Q24,1939,0.9585431021232546,0.9161563033496722,1.0199177106300525,P10 E1 Q2,UG,NA,NA
P10E1,Control,Q24,1940,0.9716989615254595,0.9705762743876499,1.118239115593747,P10 E1 Q2,UG,NA,NA
P10E1,Control,Q24,1941,1.0840171558334344,0.9924818120604832,1.1776447687916882,P10 E1 Q2,UG,NA,NA
P10E1,Control,Q24,1942,1.2287124166471703,1.0624185476879688,1.0892479101688384,P10 E1 Q2,UG,NA,NA
P10E1,Control,Q24,1946,2.323915502162182,2.8804030023106932,1.3860855602025746,P10 E1 Q2,UG,NA,NA
P10E1,Control,Q24,1947,2.202474400860312,2.5238206450427465,2.2378410138158173,P10 E1 Q2,UG,NA,NA
P10E1,Control,Q24,1950,2.565017430055479,3.058563372451777,2.5962819010386373,P10 E1 Q2,UG,NA,NA
P10E1,Control,Q24,1951,2.4030439785351065,2.5150941561420046,2.299173266626868,P10 E1 Q2,UG,NA,NA
P10E1,Control,Q24,1952,2.2526832892331674,2.289573592254895,2.296663136438355,P10 E1 Q2,UG,NA,NA
P10E1,Control,Q24,1955,1.7901323447643873,1.6834938302972438,2.0058669710028108,P10 E1 Q2,UG,NA,NA
P10E1,Control,Q24,1956,2.1740321964675364,2.335955118772449,2.245486983152551,P10 E1 Q2,UG,NA,NA
P10E1,Control,Q24,2008,0.18539498123865386,0.17562458557156085,0.2109743726381575,P10 E1 Q2,UG,NA,NA
P10E1,Control,Q24,2009,0.16613180203803785,0.15803334883354364,0.1811792357907743,P10 E1 Q2,UG,NA,NA
P10E1,Control,Q24,2010,0.4100433543029244,0.4295726049955636,0.34217680637059894,P10 E1 Q2,UG,NA,NA
P10E1,Control,Q24,2011,0.3178574194767225,0.3400632582883477,0.32871460993452173,P10 E1 Q2,UG,NA,NA
P10E1,Control,Q24,2012,0.2722602106045548,0.24772722508732772,0.22308461487026734,P10 E1 Q2,UG,NA,NA
P10E1,Control,Q24,2013,0.18370815027365084,0.17385012249621973,0.2347242355593277,P10 E1 Q2,UG,NA,NA
P10E1,Control,Q24,2014,0.24653876521837578,0.21330066931834307,0.31706322136012166,P10 E1 Q2,UG,NA,NA
P10E1,Control,Q24,2015,0.7248142211969398,0.6366612169347348,0.6762331193107134,P10 E1 Q2,UG,NA,NA
P10E1,Control,Q24,2016,0.184630891421696,0.16294310662068046,0.17112527693027277,P10 E1 Q2,UG,NA,NA
P10E1,Control,Q25,1951,0.00195513055471715,0.0011637422823070288,0.0024844761176728465,P10 E1 Q3,UG,NA,NA
P10E1,Control,Q26,1938,0.0018664322932211092,0.002283930817609343,0.0024844761176727667,P10 E1 Q4,UG,NA,NA
P10E1,Control,Q26,1939,0.003918585134637985,0.004049276358790339,0.004968952235345597,P10 E1 Q4,UG,NA,NA
P10E1,Control,Q26,1940,0.004330218809988741,0.004037832618230967,0.004968938064650924,P10 E1 Q4,UG,NA,NA
P10E1,Control,Q26,1941,0.002186671866898544,0.0019211837146225193,0.0024844761176728465,P10 E1 Q4,UG,NA,NA
P10E1,Control,Q26,1946,0.05774228781020877,0.0477900057440333,0.015321236574706205,P10 E1 Q4,UG,NA,NA
P1E1,Control,Q10,1931,2.2978098273918497,2.607140535867497,1.9570469294260489,P1 E1 Q4,UG,NA,NA
P1E1,Control,Q10,1932,1.488382374214227,1.455794112352019,1.6350083030507028,P1 E1 Q4,UG,NA,NA
P1E1,Control,Q10,1933,2.5921290840827127,2.748305528883056,2.049874581760958,P1 E1 Q4,UG,NA,NA
P1E1,Control,Q10,1934,1.3474050462405966,1.4828333820719075,1.5451162973417107,P1 E1 Q4,UG,NA,NA
P1E1,Control,Q10,1935,0.45765757418523373,0.3819201969950293,0.5470407251043126,P1 E1 Q4,UG,NA,NA
P1E1,Control,Q10,1936,0.5574784839805383,0.47849326066000186,0.7093096834684623,P1 E1 Q4,UG,NA,NA
P1E1,Control,Q10,1937,0.6100072505118844,0.5626481232380262,0.4623162572687387,P1 E1 Q4,UG,NA,NA
P1E1,Control,Q10,1938,0.43483363381588996,0.4766692471523871,0.4813151593868084,P1 E1 Q4,UG,NA,NA
P1E1,Control,Q10,1939,0.6198765594843977,0.6006922585803001,0.6699709872654992,P1 E1 Q4,UG,NA,NA
P1E1,Control,Q10,1940,0.5679877871246126,0.5752255286536959,0.6618173570880981,P1 E1 Q4,UG,NA,NA
P1E1,Control,Q10,1941,0.6147250364394466,0.5767054359266827,0.6837823647520112,P1 E1 Q4,UG,NA,NA
P1E1,Control,Q10,1942,0.5747549630931318,0.48208808933242325,0.49400498844120566,P1 E1 Q4,UG,NA,NA
P1E1,Control,Q10,1946,2.401436931467044,2.960340875662896,1.4189954448990192,P1 E1 Q4,UG,NA,NA
P1E1,Control,Q10,1947,1.8149732778100156,2.0383629212512764,1.8075183007109605,P1 E1 Q4,UG,NA,NA
P1E1,Control,Q10,1950,1.974539669678919,2.3230631196316978,1.971018574823175,P1 E1 Q4,UG,NA,NA
P1E1,Control,Q10,1951,2.5072483323199837,2.641364112768125,2.4051256688004545,P1 E1 Q4,UG,NA,NA
P1E1,Control,Q10,1952,2.0736041826774447,2.1317257212424936,2.135688384899794,P1 E1 Q4,UG,NA,NA
P1E1,Control,Q10,1955,1.9365610661221482,1.8296528625895676,2.17593901948626,P1 E1 Q4,UG,NA,NA
P1E1,Control,Q10,1956,1.5289725802701437,1.6710207999050952,1.6066029429150062,P1 E1 Q4,UG,NA,NA
P1E1,Control,Q10,1957,1.5683203014644125,1.4401756241183858,1.7490972089004453,P1 E1 Q4,UG,NA,NA
P1E1,Control,Q7,1930,1.5261060587999038,1.7700083377458293,1.4935405451482497,P1 E1 Q1,UG,NA,NA
P1E1,Control,Q7,1931,1.454051639691916,1.593330628426163,1.1911641410819203,P1 E1 Q1,UG,NA,NA
P1E1,Control,Q7,1932,1.5893891538139864,1.5615402253818143,1.747435130347346,P1 E1 Q1,UG,NA,NA
P1E1,Control,Q7,1933,3.086271540754747,3.3407906597051245,2.486652490284075,P1 E1 Q1,UG,NA,NA
P1E1,Control,Q7,1934,2.130777038739204,2.3214666705017324,2.401705588826046,P1 E1 Q1,UG,NA,NA
P1E1,Control,Q7,1935,1.385957263748258,1.068771047253023,1.5425988699880524,P1 E1 Q1,UG,NA,NA
P1E1,Control,Q7,1936,0.8763808996480645,0.7597527031410853,1.125651211910903,P1 E1 Q1,UG,NA,NA
P1E1,Control,Q7,1937,1.3974385788946806,1.3397598236262467,1.0822342956628805,P1 E1 Q1,UG,NA,NA
P1E1,Control,Q7,1938,1.4639245890628787,1.5580307238464668,1.5802223313726296,P1 E1 Q1,UG,NA,NA
P1E1,Control,Q7,1939,1.7606226689216258,1.6858919978802758,1.88010986205154,P1 E1 Q1,UG,NA,NA
P1E1,Control,Q7,1940,1.410470912974589,1.4193044193755369,1.632835942967521,P1 E1 Q1,UG,NA,NA
P1E1,Control,Q7,1941,0.647328117737023,0.6191706079877446,0.7321993242959027,P1 E1 Q1,UG,NA,NA
P1E1,Control,Q7,1942,0.40763970069438576,0.3365533551521287,0.3452013144428451,P1 E1 Q1,UG,NA,NA
P1E1,Control,Q7,1946,1.058374606904299,1.1332199507522165,0.5250334159612399,P1 E1 Q1,UG,NA,NA
P1E1,Control,Q7,1947,0.8253483190875112,0.9209709632048152,0.819912063588441,P1 E1 Q1,UG,NA,NA
P1E1,Control,Q7,1950,1.6575705544774217,1.9646446216281201,1.6668444954599715,P1 E1 Q1,UG,NA,NA
P1E1,Control,Q7,1951,1.8217564215433122,1.9072807099604543,1.7467214181190909,P1 E1 Q1,UG,NA,NA
P1E1,Control,Q7,1952,2.2234611422826887,2.261859654892166,2.2658560469143145,P1 E1 Q1,UG,NA,NA
P1E1,Control,Q7,1955,2.1488086843170193,1.9616927374519153,2.3332404057115617,P1 E1 Q1,UG,NA,NA
P1E1,Control,Q7,1956,1.9188801160522075,2.061851262323875,1.9834275584079926,P1 E1 Q1,UG,NA,NA
P1E1,Control,Q7,1957,1.5008391460697041,1.3820238828677516,1.6777451984010907,P1 E1 Q1,UG,NA,NA
P1E1,Control,Q8,1930,1.7830371356705574,2.3397458486832226,1.939800110357776,P1 E1 Q2,UG,NA,NA
P1E1,Control,Q8,1931,1.6010481956876175,2.2752016056453335,1.6968468847834055,P1 E1 Q2,UG,NA,NA
P1E1,Control,Q8,1932,1.336697351444552,1.3312109089946746,1.488728469063778,P1 E1 Q2,UG,NA,NA
P1E1,Control,Q8,1933,2.3995622396358613,2.792695205714918,2.0755710063798514,P1 E1 Q2,UG,NA,NA
P1E1,Control,Q8,1934,1.8100629426726802,1.9327461695705674,1.991741638999896,P1 E1 Q2,UG,NA,NA
P1E1,Control,Q8,1935,1.3129117930974867,0.9522485832113043,1.375659996282835,P1 E1 Q2,UG,NA,NA
P1E1,Control,Q8,1936,0.6651348262557263,0.5369876706396951,0.7928453185673586,P1 E1 Q2,UG,NA,NA
P1E1,Control,Q8,1937,0.7236365387062872,0.7089789580742571,0.6050404990954218,P1 E1 Q2,UG,NA,NA
P1E1,Control,Q8,1938,0.9579028673256533,1.0118329852977013,1.0273936558037384,P1 E1 Q2,UG,NA,NA
P1E1,Control,Q8,1939,0.8192712459290132,0.7598298743631022,0.8436546633533971,P1 E1 Q2,UG,NA,NA
P1E1,Control,Q8,1940,0.9098850919313343,0.8907311177343694,1.0263713670195775,P1 E1 Q2,UG,NA,NA
P1E1,Control,Q8,1941,0.7573820742203123,0.6742996855209283,0.8008509424183735,P1 E1 Q2,UG,NA,NA
P1E1,Control,Q8,1942,0.7418189618593674,0.6587591590960099,0.6754417991335865,P1 E1 Q2,UG,NA,NA
P1E1,Control,Q8,1946,1.803626386870244,2.3773333511615435,1.1481890506834225,P1 E1 Q2,UG,NA,NA
P1E1,Control,Q8,1947,1.456369721154567,1.7219046363439072,1.5308979595127483,P1 E1 Q2,UG,NA,NA
P1E1,Control,Q8,1950,2.445878276611552,2.9457112355639956,2.50083897696843,P1 E1 Q2,UG,NA,NA
P1E1,Control,Q8,1951,2.486872454154814,2.6023975179605228,2.3793755375667054,P1 E1 Q2,UG,NA,NA
P1E1,Control,Q8,1952,2.870762367518094,2.868497794899789,2.8707703930818287,P1 E1 Q2,UG,NA,NA
P1E1,Control,Q8,1955,2.4858949793748963,2.102998040756661,2.501278821396335,P1 E1 Q2,UG,NA,NA
P1E1,Control,Q8,1956,2.525895912027834,2.6160689459184265,2.515881108772864,P1 E1 Q2,UG,NA,NA
P1E1,Control,Q8,1957,2.2362359727104244,2.0621657059860867,2.5047013410162564,P1 E1 Q2,UG,NA,NA
P1E1,Control,Q9,1931,3.074605919828571,3.8157918337298273,2.851128510902683,P1 E1 Q3,UG,NA,NA
P1E1,Control,Q9,1932,2.6609156066968938,2.6336951286041463,2.947632197363311,P1 E1 Q3,UG,NA,NA
P1E1,Control,Q9,1933,6.950251865382016,7.967412916055138,5.92719396746856,P1 E1 Q3,UG,NA,NA
P1E1,Control,Q9,1934,3.3238899215008,3.5924476505936944,3.7279736284254286,P1 E1 Q3,UG,NA,NA
P1E1,Control,Q9,1935,2.155180249647064,1.6486151284499109,2.3790791642443394,P1 E1 Q3,UG,NA,NA
P1E1,Control,Q9,1936,2.4030494005748007,1.9171764887606886,2.825562835716022,P1 E1 Q3,UG,NA,NA
P1E1,Control,Q9,1937,3.0556939975839374,3.1300296449503096,2.5447073181884567,P1 E1 Q3,UG,NA,NA
P1E1,Control,Q9,1938,2.53604834063949,2.676233498241908,2.7166894144856513,P1 E1 Q3,UG,NA,NA
P1E1,Control,Q9,1939,2.971686756944743,2.731162426026569,3.0322242048886845,P1 E1 Q3,UG,NA,NA
P1E1,Control,Q9,1940,2.795034928319049,2.7418737431539264,3.1567385179785155,P1 E1 Q3,UG,NA,NA
P1E1,Control,Q9,1941,2.8682466091692067,2.5420517900632382,3.0167654045253234,P1 E1 Q3,UG,NA,NA
P1E1,Control,Q9,1942,2.7385086103279375,2.432720551206303,2.491874350299892,P1 E1 Q3,UG,NA,NA
P1E1,Control,Q9,1946,5.411006723261402,7.375761306969435,3.5671819003127303,P1 E1 Q3,UG,NA,NA
P1E1,Control,Q9,1947,3.368871592872161,3.9176318413989133,3.47882059928077,P1 E1 Q3,UG,NA,NA
P1E1,Control,Q9,1950,3.502655377563528,4.183788839157871,3.5522817686043795,P1 E1 Q3,UG,NA,NA
P1E1,Control,Q9,1951,3.242211517946251,3.4203375520000625,3.1090385801485425,P1 E1 Q3,UG,NA,NA
P1E1,Control,Q9,1952,4.045508873080274,4.045556329777938,4.048557127020331,P1 E1 Q3,UG,NA,NA
P1E1,Control,Q9,1955,3.7514809254534374,3.2755538472771746,3.891684361222669,P1 E1 Q3,UG,NA,NA
P1E1,Control,Q9,1956,3.5012643625504207,3.6567996148077975,3.518162484475511,P1 E1 Q3,UG,NA,NA
P1E1,Control,Q9,1957,3.568221857020774,3.2820758753399555,3.989995308686717,P1 E1 Q3,UG,NA,NA
P2,Control,Q18,1931,0.4055751879263277,0.3793789560560209,0.28481816796071774,P2 Q4,G,5,NA
P2,Control,Q18,1932,0.4209375129040942,0.40682709535998773,0.45623604629539377,P2 Q4,G,5,NA
P2,Control,Q18,1935,0.5731852067027022,0.48002156593507245,0.6890009268168112,P2 Q4,G,5,NA
P2,Control,Q18,1957,1.2222545034085033,1.1317679669152194,1.3626574093049557,P2 Q4,G,5,NA
P7E1,Control,Q19,1933,0.13330666440241973,0.12811936080546263,0.095695925317944,P7 E1 Q1,UG,NA,NA
P7E1,Control,Q19,1935,0.0030010916015754756,0.003553525182259969,0.004968952235345594,P7 E1 Q1,UG,NA,NA
P7E1,Control,Q19,1936,0.007552932678089349,0.007899361471362961,0.012071784680831246,P7 E1 Q1,UG,NA,NA
P7E1,Control,Q19,1939,0.0019592925673190343,0.0020246381793952105,0.0024844761176728465,P7 E1 Q1,UG,NA,NA
P7E1,Control,Q19,1941,0.002186671866898501,0.0019211837146224787,0.002484476117672788,P7 E1 Q1,UG,NA,NA
P7E1,Control,Q19,1942,0.013324557140256658,0.013388577788181203,0.014456850966838687,P7 E1 Q1,UG,NA,NA
P7E1,Control,Q19,1946,0.03460478128694843,0.029780354135999186,0.007565812344195133,P7 E1 Q1,UG,NA,NA
P7E1,Control,Q19,1947,0.07906576809372669,0.08534796954137706,0.0769964567495643,P7 E1 Q1,UG,NA,NA
P7E1,Control,Q19,1950,0.13430289974396514,0.1568491141809104,0.13276540394511224,P7 E1 Q1,UG,NA,NA
P7E1,Control,Q19,1951,0.1099016488224805,0.1076769219127008,0.1033946307315947,P7 E1 Q1,UG,NA,NA
P7E1,Control,Q19,1952,0.28691541770083134,0.2987189739221536,0.2985259624462936,P7 E1 Q1,UG,NA,NA
P7E1,Control,Q19,1955,0.1503639861027127,0.15875675806034512,0.19151513878506074,P7 E1 Q1,UG,NA,NA
P7E1,Control,Q19,1956,0.08965430547527621,0.11112607536325675,0.10670404469541199,P7 E1 Q1,UG,NA,NA
P7E1,Control,Q19,2008,5.3756058331578,5.1444803671705825,6.146432862138461,P7 E1 Q1,UG,NA,NA
P7E1,Control,Q19,2009,4.011385878317846,3.759243715647544,4.364287499238999,P7 E1 Q1,UG,NA,NA
P7E1,Control,Q19,2010,4.7106846272263505,5.016221979723837,3.9941460269758404,P7 E1 Q1,UG,NA,NA
P7E1,Control,Q19,2011,3.280411900370098,3.4290723504125307,3.320405050632478,P7 E1 Q1,UG,NA,NA
P7E1,Control,Q19,2012,4.6254001422314115,4.194174328437096,3.5095903915346303,P7 E1 Q1,UG,NA,NA
P7E1,Control,Q19,2013,2.4503916259216463,2.090855666968552,2.8062266949464645,P7 E1 Q1,UG,NA,NA
P7E1,Control,Q19,2014,1.7920088709077637,1.4534909188822889,2.1518571011027094,P7 E1 Q1,UG,NA,NA
P7E1,Control,Q19,2015,3.407936671658381,2.994376973363975,3.1644213228438254,P7 E1 Q1,UG,NA,NA
P7E1,Control,Q19,2016,2.237746893956796,1.9540923925225129,2.0478237448380523,P7 E1 Q1,UG,NA,NA
P7E1,Control,Q20,1930,0.5014645630714518,0.6364870053667361,0.5278111945292951,P7 E1 Q2,UG,NA,NA
P7E1,Control,Q20,1931,0.4629700326072679,0.5867523082566471,0.4379783459520124,P7 E1 Q2,UG,NA,NA
P7E1,Control,Q20,1932,0.679357972152897,0.6738547048116663,0.7535569053327832,P7 E1 Q2,UG,NA,NA
P7E1,Control,Q20,1933,1.316123367953082,1.484724191920662,1.1035359361113075,P7 E1 Q2,UG,NA,NA
P7E1,Control,Q20,1934,1.0090979799010897,1.078010431121451,1.1133591769249622,P7 E1 Q2,UG,NA,NA
P7E1,Control,Q20,1935,0.6026350000315288,0.44994587463667896,0.6500108155605302,P7 E1 Q2,UG,NA,NA
P7E1,Control,Q20,1936,0.4497792607429741,0.36540390806765183,0.5399514426949474,P7 E1 Q2,UG,NA,NA
P7E1,Control,Q20,1937,0.39545118741541885,0.379321643355998,0.31693720230060346,P7 E1 Q2,UG,NA,NA
P7E1,Control,Q20,1938,0.30599837449265027,0.33090277508481564,0.3365886691579892,P7 E1 Q2,UG,NA,NA
P7E1,Control,Q20,1939,0.2892683748111409,0.27913950166467566,0.31136648414594487,P7 E1 Q2,UG,NA,NA
P7E1,Control,Q20,1940,0.3775517664243543,0.3764863769245979,0.4334719126953567,P7 E1 Q2,UG,NA,NA
P7E1,Control,Q20,1941,0.5154426977584929,0.4637377473269533,0.5515371839040368,P7 E1 Q2,UG,NA,NA
P7E1,Control,Q20,1942,0.5151918317296745,0.4551239387360879,0.4683235660662316,P7 E1 Q2,UG,NA,NA
P7E1,Control,Q20,1946,1.4384856691097547,1.9592206112550927,0.9352045708937816,P7 E1 Q2,UG,NA,NA
P7E1,Control,Q20,1947,1.3520807575230256,1.5736055273269873,1.3959818914115547,P7 E1 Q2,UG,NA,NA
P7E1,Control,Q20,1950,0.9501642523339399,1.1227105683409686,0.9525366201131493,P7 E1 Q2,UG,NA,NA
P7E1,Control,Q20,1951,1.334822598059271,1.3990549378429267,1.2787515850156144,P7 E1 Q2,UG,NA,NA
P7E1,Control,Q20,1952,0.6678521882647734,0.6882140406166254,0.6917455388733948,P7 E1 Q2,UG,NA,NA
P7E1,Control,Q20,1955,0.9558074789710427,0.9211675421835668,1.0969430061474543,P7 E1 Q2,UG,NA,NA
P7E1,Control,Q20,1956,0.8345389405871864,0.9162288068303877,0.8808896510375748,P7 E1 Q2,UG,NA,NA
P7E1,Control,Q20,2008,3.600280213216971,3.4117039420936375,4.111495688221681,P7 E1 Q2,UG,NA,NA
P7E1,Control,Q20,2009,2.634517004735853,2.4920888857387498,2.8888471911570215,P7 E1 Q2,UG,NA,NA
P7E1,Control,Q20,2010,2.0266847169215243,2.114971735650471,1.685845322418116,P7 E1 Q2,UG,NA,NA
P7E1,Control,Q20,2011,1.2282768724639657,1.3255880731969618,1.2824369192961562,P7 E1 Q2,UG,NA,NA
P7E1,Control,Q20,2012,1.5865462028815889,1.4575830494902822,1.2347946632592584,P7 E1 Q2,UG,NA,NA
P7E1,Control,Q20,2013,0.8449770475791359,0.8068051942815466,1.0927304468101942,P7 E1 Q2,UG,NA,NA
P7E1,Control,Q20,2014,1.0148779952404543,0.8841592466617991,1.3198724842945535,P7 E1 Q2,UG,NA,NA
P7E1,Control,Q20,2015,0.94930460168559,0.8252721577042202,0.8861976067597356,P7 E1 Q2,UG,NA,NA
P7E1,Control,Q20,2016,0.46823542400519225,0.41797658182423236,0.44098560130323494,P7 E1 Q2,UG,NA,NA
P7E1,Control,Q21,1931,0.5556233037792325,0.6215348136191617,0.4641454748619029,P7 E1 Q3,UG,NA,NA
P7E1,Control,Q21,1932,0.3120962466280989,0.3055867886597569,0.3452215391061174,P7 E1 Q3,UG,NA,NA
P7E1,Control,Q21,1933,0.5938182345297475,0.662029811264105,0.4921075657146384,P7 E1 Q3,UG,NA,NA
P7E1,Control,Q21,1934,0.3988316433368762,0.43080428439102497,0.4462552048460483,P7 E1 Q3,UG,NA,NA
P7E1,Control,Q21,1935,0.2702163517760712,0.20672382634314673,0.2980463045445187,P7 E1 Q3,UG,NA,NA
P7E1,Control,Q21,1936,0.2565987695931444,0.20747018129364247,0.3074229685468966,P7 E1 Q3,UG,NA,NA
P7E1,Control,Q21,1937,0.5250715519199066,0.5479776515547472,0.4579820261735796,P7 E1 Q3,UG,NA,NA
P7E1,Control,Q21,1938,0.21618840042032403,0.2328887404276394,0.2376846501006813,P7 E1 Q3,UG,NA,NA
P7E1,Control,Q21,1939,0.28601113502718883,0.26867052212783127,0.30046813276852147,P7 E1 Q3,UG,NA,NA
P7E1,Control,Q21,1940,0.3049904036985265,0.3021755456145079,0.3491500693124076,P7 E1 Q3,UG,NA,NA
P7E1,Control,Q21,1941,0.18715593942965394,0.1731736263763277,0.20649791134652687,P7 E1 Q3,UG,NA,NA
P7E1,Control,Q21,1942,0.3151386664587599,0.27564194129078834,0.28313885744553047,P7 E1 Q3,UG,NA,NA
P7E1,Control,Q21,1946,0.5452392875532859,0.6160689743046864,0.29500311652491024,P7 E1 Q3,UG,NA,NA
P7E1,Control,Q21,1947,1.1263882102556926,1.3259587159213293,1.1764942456378842,P7 E1 Q3,UG,NA,NA
P7E1,Control,Q21,1950,1.2120972536811288,1.4365696470789424,1.2195772355175598,P7 E1 Q3,UG,NA,NA
P7E1,Control,Q21,1951,1.302432720979447,1.3689746039805535,1.2487918239195153,P7 E1 Q3,UG,NA,NA
P7E1,Control,Q21,1952,1.3293785033086347,1.3389940370557636,1.3399338796296565,P7 E1 Q3,UG,NA,NA
P7E1,Control,Q21,1955,2.0613800776634035,1.7989275187807279,2.1377921074568254,P7 E1 Q3,UG,NA,NA
P7E1,Control,Q21,1956,2.029702896608844,2.0874860676778075,2.0082302130782392,P7 E1 Q3,UG,NA,NA
P7E1,Control,Q21,2008,0.9305362588998168,0.8751377446013124,1.054066322560926,P7 E1 Q3,UG,NA,NA
P7E1,Control,Q21,2009,0.7234921990405746,0.6881817600274328,0.7953334222755232,P7 E1 Q3,UG,NA,NA
P7E1,Control,Q21,2010,0.7241343775944958,0.75165125753509,0.5995403201847416,P7 E1 Q3,UG,NA,NA
P7E1,Control,Q21,2011,0.12151937529433546,0.13756963033208114,0.13122539831191565,P7 E1 Q3,UG,NA,NA
P7E1,Control,Q21,2012,0.07184482320947465,0.0660324594973669,0.06141501510942189,P7 E1 Q3,UG,NA,NA
P7E1,Control,Q21,2013,0.1556659973064534,0.16031525176908154,0.22040236027170645,P7 E1 Q3,UG,NA,NA
P7E1,Control,Q21,2014,0.11140649120900059,0.10717590798874937,0.1608267145632048,P7 E1 Q3,UG,NA,NA
P7E1,Control,Q21,2015,0.19204373745090933,0.1596903586499679,0.1826188532501986,P7 E1 Q3,UG,NA,NA
P7E1,Control,Q21,2016,0.503466696890502,0.4402444749534144,0.46157270698257724,P7 E1 Q3,UG,NA,NA
P7E1,Control,Q22,1931,2.285134416927347,2.677818892177088,2.0002635407330875,P7 E1 Q4,UG,NA,NA
P7E1,Control,Q22,1932,2.2320274414811387,2.203767179673561,2.4681314209809204,P7 E1 Q4,UG,NA,NA
P7E1,Control,Q22,1933,3.3488879075935825,3.660140550800512,2.7234120266412165,P7 E1 Q4,UG,NA,NA
P7E1,Control,Q22,1934,2.7061350600835827,2.92618513358312,3.039799101819785,P7 E1 Q4,UG,NA,NA
P7E1,Control,Q22,1935,1.9955326424890667,1.5232288615148692,2.195554040874244,P7 E1 Q4,UG,NA,NA
P7E1,Control,Q22,1936,2.1016765638394963,1.6524401969511149,2.4369611039877963,P7 E1 Q4,UG,NA,NA
P7E1,Control,Q22,1937,1.9494180869461022,1.93082006517355,1.5795053855822099,P7 E1 Q4,UG,NA,NA
P7E1,Control,Q22,1938,1.050541618665845,1.1339695377163626,1.1461399476617653,P7 E1 Q4,UG,NA,NA
P7E1,Control,Q22,1939,1.1112398388431384,1.068289677996649,1.1921457195070282,P7 E1 Q4,UG,NA,NA
P7E1,Control,Q22,1940,1.51950900823248,1.5193648629981518,1.7475180236820018,P7 E1 Q4,UG,NA,NA
P7E1,Control,Q22,1941,1.3379194850852,1.2345288405568318,1.463736570689208,P7 E1 Q4,UG,NA,NA
P7E1,Control,Q22,1942,1.7581917836912864,1.524008493858939,1.5635647417991656,P7 E1 Q4,UG,NA,NA
P7E1,Control,Q22,1946,2.232220807001872,2.632206484717084,1.2568953289133695,P7 E1 Q4,UG,NA,NA
P7E1,Control,Q22,1947,3.65670898890284,4.1866131984952295,3.716249870272138,P7 E1 Q4,UG,NA,NA
P7E1,Control,Q22,1950,3.1400280482161382,3.727378380688976,3.1631743470674802,P7 E1 Q4,UG,NA,NA
P7E1,Control,Q22,1951,4.635670660644324,4.873071986405276,4.441932984794619,P7 E1 Q4,UG,NA,NA
P7E1,Control,Q22,1952,4.134381951580305,4.190818970187812,4.2034343346084135,P7 E1 Q4,UG,NA,NA
P7E1,Control,Q22,1955,5.391261725148805,4.7674640471073,5.668905332907976,P7 E1 Q4,UG,NA,NA
P7E1,Control,Q22,1956,3.34641298210413,3.597137099576256,3.4589930599297776,P7 E1 Q4,UG,NA,NA
P7E1,Control,Q22,2008,3.017989960084504,2.8787537249604287,3.454796813856018,P7 E1 Q4,UG,NA,NA
P7E1,Control,Q22,2009,2.4045616723424317,2.2731196960552293,2.6360936490424742,P7 E1 Q4,UG,NA,NA
P7E1,Control,Q22,2010,2.8169186882420747,2.966580306797991,2.3630353128130737,P7 E1 Q4,UG,NA,NA
P7E1,Control,Q22,2011,2.4327405401863476,2.5719904616082263,2.487938564366842,P7 E1 Q4,UG,NA,NA
P7E1,Control,Q22,2012,2.7720313166976807,2.5425180435986743,2.131537663802471,P7 E1 Q4,UG,NA,NA
P7E1,Control,Q22,2013,1.8527117909540274,1.6623613056587674,2.2339823807086545,P7 E1 Q4,UG,NA,NA
P7E1,Control,Q22,2014,1.7606189726104697,1.458730691861544,2.1644537518515787,P7 E1 Q4,UG,NA,NA
P7E1,Control,Q22,2015,4.551391147262221,3.9962310744808436,4.226606644200059,P7 E1 Q4,UG,NA,NA
P7E1,Control,Q22,2016,1.705597255505366,1.4977171840613674,1.5710287275312036,P7 E1 Q4,UG,NA,NA
